run_stamp,run_id,file,plans,rs_violations,rm_violations,added,removed,changed,sha256,run_url
20260930_100536,36653414732_1,history/2026/09/mvno_combined_plans_20260930_100536_36653414732_1.xlsx,1905,1,0,0,0,0,68ef0ccc94a0dbe5d2fef1ae9446dfbc4508d6d64ab05a5bb23871ca04d6a75d,https://github.com/kjch444-sketchs/homepage_crawl/actions/runs/36653414732
20260930_102644,36655103300_1,history/2026/09/mvno_combined_plans_20260930_102644_36655103300_1.xlsx,1905,1,0,0,0,0,2d57785e2d04f9046c095a0ae08ae4e89b02a751f4989c1a0d45e349d98a9b3f,https://github.com/kjch444-sketchs/homepage_crawl/actions/runs/36655103300
20260930_110021,36657719278_1,history/2026/09/mvno_combined_plans_20260930_110021_36657719278_1.xlsx,1905,1,0,1,1,0,513341d89c1c3b598dbc1f06fb5ce4f725c1c1f3199c175e33907db7678edfae,https://github.com/kjch444-sketchs/homepage_crawl/actions/runs/36657719278
20260930_113241,36660304749_1,history/2026/09/mvno_combined_plans_20260930_113241_36660304749_1.xlsx,1905,1,0,1,1,0,9b64eb80039b309280f0d8290ce7b39a86c5ab0e7157eb720f2c82b42644937e,https://github.com/kjch444-sketchs/homepage_crawl/actions/runs/36660304749
20260930_133345,36669356085_1,history/2026/09/mvno_combined_plans_20260930_133345_36669356085_1.xlsx,1905,1,0,5,5,2,28ec8730339fa3baafa9d2ea526b965606782a033e035c194226da2973c68755,https://github.com/kjch444-sketchs/homepage_crawl/actions/runs/36669356085
20260930_183418,36696926714_1,history/2026/09/mvno_combined_plans_20260930_183418_36696926714_1.xlsx,1902,1,0,8,11,14,a5e19fe51bb48f46c8f58dcc37846ec78acab05e217c77ae428d51d4928a0335,https://github.com/kjch444-sketchs/homepage_crawl/actions/runs/36696926714
20261001_075733,36788458961_1,history/2026/10/mvno_combined_plans_20261001_075733_36788458961_1.xlsx,1843,4,0,70,129,199,39279b90bd5fa74a2b157e7490eb57932b8d2d5a24bf12539490e32396febd57,https://github.com/kjch444-sketchs/homepage_crawl/actions/runs/36788458961
20261001_093030,36796494860_1,history/2026/10/mvno_combined_plans_20261001_093030_36796494860_1.xlsx,2099,3,0,275,19,1,c701ec69baa7361848ee5a0ed6975dfc5df6034a980f33486ae9c60b5ab19f0b,https://github.com/kjch444-sketchs/homepage_crawl/actions/runs/36796494860
20261002_080754,36939063561_1,history/2026/10/mvno_combined_plans_20261002_080754_36939063561_1.xlsx,2035,0,0,32,96,23,c3069cda3b438d383ce917b1c7464f1cb389bd54a425c2ec015febe6af36f295,https://github.com/kjch444-sketchs/homepage_crawl/actions/runs/36939063561
20261002_103638,36951730075_1,history/2026/10/mvno_combined_plans_20261002_103638_36951730075_1.xlsx,2036,0,0,3,2,4,244d6683a14a00904379b69ce03e75950cb3b386deaf24be21a0968abf07b7df,https://github.com/kjch444-sketchs/homepage_crawl/actions/runs/36951730075
20261003_100609,37084761110_1,history/2026/10/mvno_combined_plans_20261003_100609_37084761110_1.xlsx,2057,0,0,31,10,26,5584f6aa8ba5c1455f6e458d07fd2d85141e57cb4e4cf38cd2df30cb2e7e96a3,https://github.com/kjch444-sketchs/homepage_crawl/actions/runs/37084761110
